8W2035043;9J1035878L;FALSE
8W2035046;9J1035878L;FALSE
8W2035048;9J1035878L;FALSE
8W2035050;9J1035878L;FALSE
8W2035054;9J1035878L;FALSE
8W2035057;9J1035878L;FALSE
8W2035063;9J1035878L;FALSE
8W2035065;9J1035878L;
8W2035067;9J1035878L;
8Y0035043;9J1035878L;
8Y0035046;9J1035878L;
8Y0035048;9J1035878L;
8Y0035050;9J1035877L;
8Y0035054;9J1035877L;
8Y0035057;9J1035877L;
8Y0035063;9J1035877L;
8Y0035065;9J1035877L;
8Y0035067;9J1035877L;
80A035043;9J1035877L;
80A035046;9J1035877L;
80A035048;9J1035877L;
80A035050;9J1035877L;
80A035054;9J1035877L;
80A035057;9J1035877L;
80A035063;9J1035840L;
80A035065;9J1035840L;
80A035067;9J1035840L;
4M2035043;9J1035840L;
4M2035044;9J1035840L;
4M2035046;9J1035840L;
4M2035048;9J1035840L;
4M2035050;9J1035840L;
4M2035054;9J1035840L;
4M2035063;9J1035840L;
82A035043;9J1035840L;
82A035044;9J1035840L;
82A035046;9J1035140L;
82A035048;9J1035140L;
82A035050;9J1035140L;
82A035054;9J1035140L;
82A035057;9J1035140L;
82A035063;9J1035140L;
82A035065;9J1035140L;
82A035067;9J1035140L;
89A035043;9J1035140L;
89A035050;9J1035140L;
89A035054;9J1035140L;
89A035057;9J1035140L;
89A035065;9J1035136L;
89A035067;9J1035136L;
4M2035070;9J1035136L;
4M2035084;9J1035136L;
4M2035086;9J1035136L;
4M2035089;9J1035136L;
4M2035092;9J1035136L;
4M2035136;9J1035136L;
4M2035140;9J1035136L;
4M2035840;9J1035136L;
4M2035878;9J1035136L;
4M2035877;9J1035136L;
4J3035070;9J1035092L;
4J3035084;9J1035092L;
4J3035086;9J1035092L;
4J3035089;9J1035092L;
4J3035092;9J1035092L;
4J3035136;9J1035092L;
4J3035140;9J1035092L;
4J3035840;9J1035092L;
4J3035878;9J1035092L;
4J3035877;9J1035092L;
89A035070;9J1035092L;
89A035092;9J1035092L;
89A035140;9J1035089L;
89A035878;9J1035089L;
89A035877;9J1035089L;
82A035010;9J1035089L;
82A035012;9J1035089L;
82A035018;9J1035089L;
82A035019;9J1035089L;
82A035020;9J1035089L;
9J1035070;9J1035089L;
9J1035070A;9J1035089L;
9J1035070B;9J1035089L;
9J1035070C;9J1035089L;
9J1035070D;9J1035086L;
9J1035070E;9J1035086L;
9J1035070F;9J1035086L;
9J1035070G;9J1035086L;
9J1035070H;9J1035086L;
9J1035070J;9J1035086L;
9J1035070K;9J1035086L;
9J1035070L;9J1035086L;
9J1035084;9J1035086L;
9J1035084A;9J1035086L;
9J1035084B;9J1035086L;
9J1035084C;9J1035086L;
9J1035084D;9J1035084L;
9J1035084E;9J1035084L;
9J1035084F;9J1035084L;
9J1035084G;9J1035084L;
9J1035084H;9J1035084L;
9J1035084J;9J1035084L;
9J1035084K;9J1035084L;
9J1035084L;9J1035084L;
9J1035086;9J1035084L;
9J1035086A;9J1035084L;
9J1035086B;9J1035084L;
9J1035086C;9J1035084L;
9J1035086D;9J1035070L;
9J1035086E;9J1035070L;
9J1035086F;9J1035070L;
9J1035086G;9J1035070L;
9J1035086H;9J1035070L;
9J1035086J;9J1035070L;
9J1035086K;9J1035070L;
9J1035086L;9J1035070L;
9J1035089;9J1035070L;
9J1035089A;9J1035070L;
9J1035089B;9J1035070L;
9J1035089C;9J1035070L;
9J1035089D;8Y0035067;
9J1035089E;8Y0035065;
9J1035089F;8Y0035063;
9J1035089G;8Y0035057;
9J1035089H;8Y0035054;
9J1035089J;8Y0035050;
9J1035089K;8Y0035048B;
9J1035089L;8Y0035046B;
9J1035092;8Y0035043B;
9J1035092A;8W2035067A;
9J1035092B;8W2035065A;
9J1035092C;8W2035063A;
9J1035092D;8W2035057A;
9J1035092E;8W2035054A;
9J1035092F;8W2035050A;
9J1035092G;8W2035048B;
9J1035092H;8W2035046B;
9J1035092J;8W2035043B;
9J1035092K;89A035878;
9J1035092L;89A035877;
9J1035136;89A035140;
9J1035136A;89A035092;
9J1035136B;89A035070;
9J1035136C;89A035067;
9J1035136D;89A035065;
9J1035136E;89A035057;
9J1035136F;89A035054;
9J1035136G;89A035050;
9J1035136H;89A035043;
9J1035136J;82A035067;
9J1035136K;82A035065;
9J1035136L;82A035063;
9J1035140;82A035057;
9J1035140A;82A035054;
9J1035140B;82A035050;
9J1035140C;82A035048;
9J1035140D;82A035046;
9J1035140E;82A035044;
9J1035140F;82A035043;
9J1035140G;82A035020;
9J1035140H;82A035019;
9J1035140J;82A035018;
9J1035140K;82A035012;
9J1035140L;82A035010;
9J1035840;80A035067;
9J1035840A;80A035065;
9J1035840B;80A035063;
9J1035840C;80A035057;
9J1035840D;80A035054;
9J1035840E;80A035050;
9J1035840F;80A035048;
9J1035840G;80A035046;
9J1035840H;80A035043;
9J1035840J;4M2035878;
9J1035840K;4M2035877;
9J1035840L;4M2035840;
9J1035878;4M2035140;
9J1035878A;4M2035136;
9J1035878B;4M2035092;
9J1035878C;4M2035089;
9J1035878D;4M2035086;
9J1035878E;4M2035084;
9J1035878F;4M2035070;
9J1035878G;4M2035063;
9J1035878H;4M2035054;
9J1035878J;4M2035050;
9J1035878K;4M2035048;
9J1035878L;4M2035046;
9J1035877;4M2035044;
9J1035877A;4M2035043;
9J1035877B;4J3035878;
9J1035877C;4J3035877;
9J1035877D;4J3035840;
9J1035877E;4J3035140;
9J1035877F;4J3035136;
9J1035877G;4J3035092;
9J1035877H;4J3035089;
9J1035877J;4J3035086;
9J1035877K;4J3035084;
9J1035877L;4J3035070;
36A035043;36A035067;
36A035048;36A035065;
36A035050;36A035063;
36A035054;36A035057;
36A035057;36A035054;
36A035063;36A035050;
36A035065;36A035048;
36A035067;36A035043;
